date,description,credit,debit,balance
2026-08-20,RAZORPAY SETTLEMENT UTR435491803744,162446.06,0.0,262446.06
2026-08-20,RAZORPAY SETTLEMENT UTR011137398826,101381.23,0.0,363827.29
2026-08-18,RAZORPAY SETTLEMENT UTR065674646294,124264.03,0.0,488091.32
2026-08-23,RAZORPAY SETTLEMENT UTR534220236281,152474.1,0.0,640565.42
2026-08-14,RAZORPAY SETTLEMENT UTR258620112340,100818.38,0.0,741383.8
2026-08-18,RAZORPAY SETTL UTR438 865269520,139567.01,0.0,880950.81
2026-08-13,RAZORPAY SETTLEMENT UTR798701236531,117069.38,0.0,998020.19
2026-08-20,RAZORPAY SETTLEMENT UTR644597255833,199388.66,0.0,1197408.85
2026-08-18,RAZORPAY SETTLEMENT UTR265604717059,37713.31,0.0,1235122.16
