payment_id,order_id,amount,currency,status,method,fee,tax,created_at
pay_rnTP3fAbnFbmOH,order_nKYaXRvj7uff0L,32151.63,INR,captured,upi,643.03,115.75,2026-08-18 23:59:04
pay_h5esM2wleOV911,order_xCZkwPRQeNHpCq,40452.85,INR,captured,wallet,809.06,145.63,2026-08-14 00:22:31
pay_uVdYXye4JSnE2N,order_iiUHUAKw9iEU1j,46306.86,INR,captured,card,926.14,166.71,2026-08-17 14:49:00
pay_dx9G81aSQHqNgA,order_C72qFl41sNLjVH,8419.11,INR,captured,wallet,168.38,30.31,2026-08-15 11:26:00
pay_ub52Ztd26fEeVV,order_hDIq2AnHTmt9OB,39042.01,INR,captured,upi,780.84,140.55,2026-08-15 12:54:37
pay_nuKoneNo41eoPn,order_i6JDWYlgAACTP9,26120.0,INR,refunded,upi,522.4,94.03,2026-08-07 00:24:55
pay_v1plBArp5B1Id9,order_Z850kEnydx9qWC,5371.68,INR,captured,wallet,107.43,19.34,2026-08-18 16:12:54
pay_lndTdtdD5GdF0e,order_e1z6JJcfOJtqPt,21438.87,INR,captured,wallet,428.78,77.18,2026-08-04 18:10:32
pay_OC56aMIgHFivep,order_rBHs8YGPI5g2q3,13647.92,INR,captured,card,272.96,49.13,2026-08-17 07:17:16
pay_rnvQ0Fp4dNZcui,order_8kBRIg6QjcwIAc,37249.63,INR,captured,card,744.99,134.1,2026-08-07 14:39:15
pay_npgW2zMj518Y2b,order_Tu5X1YqWg21nYC,18550.25,INR,captured,upi,371.0,66.78,2026-08-09 16:26:20
pay_blu17rNy8H6h8l,order_7qgATtLFxJpRa5,15606.95,INR,captured,card,312.14,56.19,2026-08-06 09:51:44
pay_A65MPh3FPuRIlP,order_xUkJzZsnWLtBPF,27153.37,INR,refunded,card,543.07,97.75,2026-08-09 20:10:27
pay_fFNuYUPnmbpD0e,order_zNmREpOaUVgAk7,39789.9,INR,captured,card,795.8,143.24,2026-08-16 23:48:30
pay_p0CXP9K63LSFZH,order_3UDqpNVGMrerqt,26138.91,INR,captured,upi,522.78,94.1,2026-08-14 12:42:44
pay_oRRdzHzmA4KR1V,order_xavU07zUHLnnBb,27237.54,INR,captured,card,544.75,98.05,2026-08-04 15:51:54
pay_kChMbyIbNiCdxn,order_uVxUZpfbH9vOWO,17138.41,INR,captured,wallet,342.77,61.7,2026-08-18 13:51:58
pay_0MoDh6CpwL7SWk,order_tJ5J4x6mKZpRsQ,37834.54,INR,captured,card,756.69,136.2,2026-08-05 20:08:09
pay_HPeOaAEAw3CjkG,order_OM5WCZKtp5rBUJ,40373.63,INR,captured,upi,807.47,145.34,2026-08-09 10:15:39
pay_EuEvqrK2IGlozI,order_oDSBbszpPwIv9I,33575.33,INR,captured,netbanking,671.51,120.87,2026-08-01 16:43:08
pay_toStU6QlTrKVL8,order_ZswsRhcds6NUga,17914.62,INR,refunded,wallet,358.29,64.49,2026-08-07 13:49:12
pay_v7p1heEJQjY6fp,order_IzKMWx4sKAJd7g,14574.8,INR,captured,wallet,291.5,52.47,2026-08-11 16:35:30
pay_OjkeaBKsoRRCQ5,order_WMO5AHO4ZektUJ,38255.49,INR,captured,card,765.11,137.72,2026-08-07 10:10:03
pay_QR6FEecAtpf7ZJ,order_69PqcUDO4lKNEf,14786.22,INR,captured,upi,295.72,53.23,2026-08-12 09:02:10
pay_P1uRr6YICtu8zF,order_9OHzlwUMVmI5BR,17724.07,INR,captured,netbanking,354.48,63.81,2026-08-08 19:01:47
pay_jIIf94ChZESFqZ,order_8pIx5F21rWz5FY,6510.59,INR,captured,card,130.21,23.44,2026-08-18 05:28:42
pay_JO1BEuVx518ox1,order_ztD4x9XOj7h7ug,14500.53,INR,captured,netbanking,290.01,52.2,2026-08-15 05:54:57
pay_4ai18eWqMyeuPH,order_7M3EHMoQrof8VR,42329.45,INR,captured,upi,846.59,152.39,2026-08-13 18:23:19
pay_sbudwApzQlkLxQ,order_EKoNCP3CrHe69s,5475.11,INR,captured,card,109.5,19.71,2026-08-17 20:17:05
pay_0mxDoJJ9s8OrJQ,order_UdLE4rXLvNMQSO,48120.44,INR,captured,netbanking,962.41,173.23,2026-08-12 02:07:34
pay_OtBJTfsUkiH8G4,order_ZpZDYUvh7i71S8,41997.69,INR,refunded,upi,839.95,151.19,2026-08-16 05:31:15
pay_XaHCPPKY6gob2I,order_4ndZ4szi6sEg3i,48379.85,INR,captured,netbanking,967.6,174.17,2026-08-03 04:36:18
pay_UjzgEz6cwB61gQ,order_H8wylh0CPNLbWp,22955.37,INR,captured,wallet,459.11,82.64,2026-08-15 06:09:01
pay_ZIKYoWWKr99HXg,order_1iwWKaqhAhdBwK,6733.23,INR,captured,card,134.66,24.24,2026-08-02 15:58:05
pay_cW1GC7dDyQE4ef,order_LerNHu9GCLgR0O,22874.27,INR,captured,card,457.49,82.35,2026-08-15 22:19:32
pay_BovCzfAPxj5eZf,order_fTYIKIuhvPU1S8,38563.66,INR,captured,card,771.27,138.83,2026-08-11 10:32:02
pay_JnOng0wVJY08YM,order_Nb5ZqlRtva1Jyi,30220.3,INR,captured,netbanking,604.41,108.79,2026-08-03 12:21:06
pay_UnAvwSWJfdjMPq,order_PEBqUhArQEPcyL,31842.01,INR,captured,upi,636.84,114.63,2026-08-03 05:27:09
pay_VVrhEAiHoIPvyU,order_BCetAzNrz7k6CQ,880.51,INR,captured,netbanking,17.61,3.17,2026-08-06 03:03:09
pay_pKGytvukFhF4vT,order_YYojmLVOkVEUVB,18411.71,INR,captured,wallet,368.23,66.28,2026-08-03 13:40:11
pay_tBDNXKveCcwrN8,order_fKxJ7Tc4JlLF7B,46245.64,INR,refunded,netbanking,924.91,166.48,2026-08-16 05:22:50
pay_fOcR9GLw4yWQdN,order_uuIxp07LjfP4tO,40642.86,INR,captured,netbanking,812.86,146.31,2026-08-18 08:07:08
pay_RfINuhR694fPFb,order_t6vVl9jsWFHTGP,33275.69,INR,captured,card,665.51,119.79,2026-08-15 10:38:11
pay_xkZVYkBzPoBrUB,order_HtYDZw69CrxG7Y,43881.44,INR,captured,card,877.63,157.97,2026-08-15 11:55:16
pay_dDx5SFhfjBFZf4,order_Y25zyxxfntgSuj,40162.33,INR,captured,card,803.25,144.59,2026-08-07 01:38:14
pay_ZVDM4bnj6LAWoh,order_oNMdZEHNJSsavJ,2396.01,INR,captured,wallet,47.92,8.63,2026-08-17 21:29:28
pay_8eGF9IyDN8pbWv,order_TMVTucHYkWCRNY,9772.04,INR,captured,upi,195.44,35.18,2026-08-13 16:57:06
pay_scmc5F9HpUlwW1,order_uhw3U3x8EE5GXT,3623.48,INR,captured,wallet,72.47,13.04,2026-08-01 21:32:40
pay_sgusBSkBBT4MAN,order_XdPzFUjb0QBhoO,4406.89,INR,captured,card,88.14,15.87,2026-08-14 05:45:42
pay_jBwBeiwtr7blG4,order_hWRnLR9miekS9Y,18426.45,INR,captured,upi,368.53,66.34,2026-08-15 16:29:35
